ProductID,ProductName,Brand,Price,StockQuantity,SupplierID
779,delectus,"Blick, Simonis and Collier",945.75,57,20
415,inventore,Kunde-Ullrich,508.94,37,27
123,maxime,Roberts LLC,159.53,2,21
692,rerum,Bergnaum-Abernathy,163.27,52,48
614,omnis,"Friesen, Klocko and Hodkiewicz",862.17,79,41
217,omnis,Johnston LLC,552.16,22,20
139,quibusdam,"Mann, Raynor and Hane",148.09,92,26
923,non,"Mitchell, Powlowski and Tillman",544.43,29,45
811,voluptatem,"Luettgen, Conn and Jakubowski",360.86,77,23
164,soluta,"Kuphal, Koch and Walker",761.69,75,12
114,deserunt,Kulas Inc,702.05,70,1
821,qui,Bayer-Damore,50.57,66,10
441,deleniti,"Fritsch, Lindgren and Zulauf",550.63,65,3
782,dolorum,Breitenberg and Sons,458.79,99,31
993,repudiandae,Weber LLC,132.58,86,27
302,in,Mertz-Homenick,913.45,46,3
858,est,Botsford Group,378.06,37,25
459,velit,Ryan Group,603.64,9,3
896,ea,Heathcote Group,658.06,26,4
509,ex,"McLaughlin, Purdy and Kuphal",47.11,6,28
280,architecto,Treutel-Kautzer,333.66,19,46
192,non,Senger LLC,754.93,11,12
600,ut,Trantow LLC,87.98,80,50
125,nostrum,Wuckert LLC,910.66,52,48
919,aspernatur,Hilll-Maggio,466.33,90,34
549,sapiente,Zieme-Nienow,300.91,42,38
708,ex,Kuvalis-Muller,234.57,60,12
714,eum,Simonis-Jacobs,362.65,52,44
66,sed,Torphy-Pfeffer,23.68,5,29
812,sed,Powlowski-Will,653.29,78,47
898,repellat,Hoeger-Welch,409.11,28,34
349,unde,"Gaylord, Kunze and Lemke",554.82,38,9
954,occaecati,Bernhard Inc,772.97,49,46
685,ut,"Feeney, Monahan and Ward",338.13,95,18
529,omnis,Schmidt-Howell,297.8,55,30
980,aut,Murray LLC,921.45,63,31
909,maiores,"Hintz, Kunde and Bayer",895.5,42,30
606,repellendus,Morissette-Leannon,75.99,72,17
120,voluptas,Sporer-Ankunding,717.79,36,18
186,aut,"Block, Strosin and Williamson",948.05,27,32
724,unde,"Denesik, Waters and Kshlerin",496.42,18,40
371,quo,Gulgowski-Heidenreich,915.57,71,39
225,perspiciatis,Corwin Inc,687.25,42,4
451,commodi,"Buckridge, Schulist and Tremblay",931.31,21,26
964,quis,Ullrich Group,351.17,10,41
681,voluptatem,"Weimann, Ondricka and Schmeler",408.09,31,36
972,odio,"Yost, Sanford and Zboncak",144.01,93,34
916,accusantium,Lebsack and Sons,641.54,33,11
390,nemo,Dach-Towne,327.82,85,29
587,aut,"Adams, Hoeger and Cassin",208.92,51,25
544,minus,Towne LLC,887.01,38,22
218,sit,"Kuvalis, Von and Stehr",665.42,8,35
28,sapiente,"Kozey, Sanford and Thompson",523.12,14,42
284,sit,Koelpin Group,504.87,14,1
152,quia,Hermann and Sons,982.96,18,26
587,quia,Spencer-Rempel,209.95,46,25
405,autem,Abshire-Labadie,950.3,55,14
698,qui,"Littel, Franecki and Hane",240.43,32,6
583,quia,Huel and Sons,342.21,27,36
199,repudiandae,"Schaden, Stroman and Grady",853.77,52,36
670,ducimus,Larkin Inc,328.87,57,14
822,vero,"Jaskolski, Lueilwitz and Stroman",929.6,51,43
145,unde,"Ratke, Kilback and Hansen",444.66,7,45
371,blanditiis,Hyatt-Schulist,545.62,33,17
409,repudiandae,Howell LLC,320.01,87,39
980,nobis,Heidenreich-Hahn,501.77,45,50
517,commodi,"Padberg, Senger and Mills",856.96,78,49
122,aut,Considine-Rau,900.1,62,10
927,sed,Turcotte LLC,401.05,45,4
652,vel,Crooks-Collins,709.68,42,9
558,quaerat,Kohler Group,851.73,80,49
515,atque,Cartwright-Bruen,673.68,34,21
236,culpa,"Kozey, Little and Leuschke",795.87,90,14
432,quia,Cummings-Oberbrunner,626.12,83,15
43,deserunt,"Bailey, Douglas and Legros",658.98,15,46
219,velit,Legros Group,679.67,91,41
768,blanditiis,"Schmeler, Prosacco and Larkin",695.69,33,36
685,maiores,"Hoeger, Robel and Toy",791.55,98,11
621,excepturi,Hettinger Inc,560.66,77,25
343,architecto,Koelpin-Mohr,929.93,98,49
673,doloribus,McKenzie-Jast,282.09,99,38
619,ut,Grant Inc,301.07,12,45
248,dolorem,Braun-Hane,436.13,58,3
62,autem,Ruecker-Padberg,317.22,66,40
214,ab,Cronin and Sons,588.18,15,46
701,facere,Rau LLC,824.44,65,28
48,aut,"Zemlak, Kessler and Turner",327.02,20,50
753,dolor,Moore-Satterfield,127.01,77,25
371,culpa,Johns-Kemmer,386.7,61,3
562,est,Flatley-Sauer,247.87,78,34
773,deleniti,Herman-Rath,310.9,74,16
488,dignissimos,Gutkowski Inc,497.62,86,11
655,ullam,Dickinson-Bernier,903.48,23,33
92,culpa,Feil Group,500.23,65,20
134,alias,Casper-Wisoky,307.13,45,42
161,sequi,"Pfeffer, Hackett and Durgan",217.77,18,24
356,qui,Rogahn-Schamberger,827.06,26,44
481,harum,Predovic-Mills,143.74,99,38
873,eaque,"Denesik, Torphy and Zieme",213.08,42,33
307,cupiditate,Mosciski-Volkman,900.96,90,14
744,dignissimos,Bode-Johnston,758.75,90,42
27,eos,Prohaska Inc,385.36,56,27
608,tempora,Adams Inc,786.58,36,7
191,odio,Davis and Sons,518.91,64,36
481,neque,Feest-OReilly,401.42,7,18
793,dignissimos,Goyette-Streich,69.89,67,5
644,dolor,"Hilll, Jakubowski and Kunde",101,62,26
252,et,Monahan and Sons,927.49,90,16
548,quia,Ward and Sons,528.81,8,17
670,odit,"Kreiger, West and Runte",520.2,90,3
945,et,Rolfson Group,299.9,29,35
53,similique,Lockman-Gottlieb,608.88,22,46
111,autem,"Wiegand, Barton and Davis",867.23,2,3
75,harum,Mayer-Auer,213.93,32,47
688,facilis,Schmeler-Haag,916.2,27,40
197,est,Sipes Group,181.07,33,29
331,necessitatibus,Shanahan-Schinner,535.9,97,45
948,sunt,Harvey-Krajcik,489.99,97,28
445,commodi,Murazik-Reinger,20.15,88,11
952,voluptas,Aufderhar and Sons,181.38,12,49
199,eos,Kshlerin-Reichert,496.26,65,1
997,est,"Tromp, Ledner and Nikolaus",889.32,20,39
97,eveniet,Hyatt LLC,265.01,16,43
726,quasi,Cummings LLC,306.63,52,19
736,dolorem,Witting and Sons,80.15,55,7
371,labore,Lebsack LLC,226.81,25,39
912,enim,"Runte, Hodkiewicz and Weissnat",917.29,55,44
251,iusto,"Weimann, Beahan and Crist",686.42,26,42
326,illo,Berge LLC,919.23,100,30
25,vero,Stokes Inc,43.04,2,3
707,optio,"Davis, Legros and Huels",340.8,46,30
892,molestiae,Weber-Lynch,55.71,73,34
999,natus,"Walker, Rodriguez and Gottlieb",68.54,26,2
603,ipsam,Harber and Sons,646.96,53,26
442,aliquam,Purdy Inc,842.7,99,9
923,nam,"Cassin, Wintheiser and Hoeger",285.37,100,47
721,aut,Wiegand Group,68.9,34,18
218,soluta,Rippin and Sons,953.04,16,4
12,aliquid,Larkin-Von,756.75,98,14
690,et,Braun Inc,904.85,17,3
864,alias,Mitchell Group,389.17,49,13
625,voluptas,"Grady, Jacobson and Larkin",569.26,86,8
622,a,Murray-Anderson,328.01,82,41
114,facilis,Jakubowski and Sons,372.86,58,21
813,quaerat,"Ledner, McDermott and Kuhic",410.63,60,47
654,rerum,Crooks LLC,493.4,39,23
384,aliquid,Labadie-Flatley,73.97,46,19
330,voluptatum,Ziemann LLC,193.36,47,17
667,sunt,"Auer, Lockman and Bernier",455.67,4,37
315,qui,Reichel-Glover,750.73,65,41
382,et,"Streich, Towne and Homenick",651.68,14,32
472,et,Emmerich-Halvorson,379.8,23,25
158,sit,Heathcote-Zemlak,804.25,24,43
151,voluptatibus,Welch-Keebler,792.6,50,21
6,occaecati,White-Vandervort,540.08,59,9
754,blanditiis,"Hoppe, Heaney and Reinger",422.73,41,30
954,expedita,"Zboncak, Leuschke and Hahn",720.95,81,26
602,dolor,"Grant, Beier and Leannon",407.61,22,38
999,magnam,"Goyette, Bernier and Cole",600.04,45,47
290,voluptas,Gulgowski Group,443.08,32,21
344,nemo,"Krajcik, Kuhlman and Nienow",59.53,92,22
279,laborum,Emmerich Group,794.23,92,39
738,ex,Stroman-Eichmann,712.41,81,34
391,neque,Conn and Sons,897.55,17,34
322,enim,"Schaden, Walter and Gulgowski",377.61,16,11
251,sunt,Wintheiser Group,29.24,50,26
844,accusamus,Romaguera-Thiel,667.67,14,41
429,et,Cronin Inc,99.53,93,28
669,error,Cassin and Sons,546.06,42,27
957,aperiam,Ratke Inc,364.8,42,14
313,enim,"Stanton, Hintz and Crona",475.58,43,9
861,inventore,Gerhold-Robel,648.78,72,5
828,ducimus,"Lynch, Fisher and Paucek",743.43,20,34
129,nihil,"Schaden, Kessler and Baumbach",564.27,53,6
223,molestias,Emard-Denesik,21.78,48,21
401,qui,"Conn, Grady and Hintz",607,84,2
1,veritatis,"Mayert, Zboncak and Crona",171.78,84,43
845,voluptas,Champlin-Dibbert,509.9,11,37
335,minima,"Spinka, Davis and Wilderman",59.07,27,5
301,omnis,"Nienow, Luettgen and Considine",103.5,67,16
605,officia,Turcotte-McGlynn,819.46,4,4
39,nulla,Berge LLC,282.6,43,37
937,sint,Champlin-Walsh,691.01,44,23
761,et,Parisian-Altenwerth,252.03,78,40
41,nihil,Langworth Inc,607.34,91,26
173,quia,Pacocha and Sons,999.11,2,16
271,consequatur,Huel-Shanahan,486.47,89,33
550,qui,Schaefer Inc,509.95,88,30
794,et,Strosin and Sons,480.19,65,42
942,fugiat,"Mosciski, Kassulke and Senger",443.51,23,45
42,repellendus,"Wehner, Konopelski and Berge",906.08,98,32
408,qui,"Shields, Morar and Langworth",611.58,20,42
389,magni,Strosin Group,570.19,70,36
317,quibusdam,Konopelski-Bauch,144.86,20,9
415,amet,Davis-Christiansen,461.47,86,20
823,ea,"Schroeder, Lubowitz and Wilkinson",606.89,64,43
876,in,Bednar-Weber,737.9,90,14
531,sed,Schuppe Group,196.19,7,28
533,excepturi,Torp-Russel,604.05,42,15
917,culpa,McCullough-Windler,212.98,79,4
503,rerum,Johnson-Thiel,868.56,62,19
974,voluptas,Funk Group,109.07,86,23
782,odit,Keeling-Davis,103.47,67,11
716,ut,"Price, Huels and Rodriguez",161.55,41,10
211,vero,Lang Group,871.67,13,28
535,et,Johns-Crona,445.31,61,33
102,sed,Sauer-Lakin,211.24,58,34
665,voluptas,"Leannon, Hudson and Witting",623.21,31,24
870,totam,"Stokes, Runolfsson and Kovacek",504.86,49,21
211,accusantium,Stamm and Sons,24.71,1,11
630,debitis,Tillman and Sons,502.71,66,50
883,repudiandae,Rosenbaum LLC,108.92,50,18
296,voluptas,"Treutel, Kirlin and Mitchell",617.62,81,45
64,eligendi,"Wiza, Nikolaus and Ernser",701.67,12,15
903,quidem,Jakubowski Inc,892.79,64,34
252,nemo,Franecki-Littel,673.55,57,15
409,nam,Bartoletti Group,517.54,90,30
882,repudiandae,Morar-Runte,471.16,89,32
76,at,Feest-Dare,601.24,27,1
809,et,Friesen Inc,855.88,57,13
310,expedita,Hessel-Walter,247.79,6,48
998,velit,Johns LLC,925.86,20,30
608,aut,Wilderman-Quigley,370.03,63,15
377,eos,Harvey-Kautzer,151.41,68,42
432,facilis,"Tromp, Pfannerstill and Roob",281.63,31,19
530,eveniet,Wiza-Howell,519.02,44,36
721,quia,Crona-Pfannerstill,738.24,92,41
526,quibusdam,"Gutmann, Stark and Heller",882.28,86,40
718,libero,Schiller-Connelly,595.89,19,50
118,mollitia,Hermiston-Boehm,664.25,87,40
265,cupiditate,"Kshlerin, Hilpert and Kreiger",744.06,18,30
268,quos,"Kub, Cummings and Spinka",598.05,73,12
263,sint,"Huels, Gibson and Reynolds",18.89,87,26
402,minima,Wisoky Inc,773.73,85,18
637,aliquam,Reichert-Gaylord,170,49,23
562,autem,Pfannerstill Inc,740.23,1,49
158,omnis,Sanford-Tillman,673.51,27,28
795,dolores,Hoppe-Ankunding,992.81,71,13
802,mollitia,Lemke Inc,705.53,93,34
203,voluptatem,Hintz and Sons,298.33,99,24
830,soluta,Lakin-Larkin,13.64,82,29
216,sint,Hayes Inc,285.96,59,5
642,sed,"Stroman, Hoppe and Lockman",429.79,44,42
526,sed,Kunze-Hartmann,46.39,25,13
593,laboriosam,Grady and Sons,28.31,72,8
939,cupiditate,Lesch-Fritsch,144.44,84,33
324,doloremque,Reinger-Veum,576.32,85,19
906,sint,"Prosacco, Glover and Wolf",824.16,1,34
637,ut,Mayer-Gusikowski,720.56,97,21
447,earum,Schamberger-Rau,915.15,71,18
568,facilis,"Mueller, Hermann and Hoeger",93.84,92,18
131,natus,"Herman, Mann and Williamson",614.28,88,40
765,veniam,Johnston-Franecki,437.02,62,47
321,magni,Hudson-Hermann,32.45,58,35
851,pariatur,Turner and Sons,45.65,6,1
737,dolorem,Swaniawski LLC,100.95,53,1
443,ut,Jacobson and Sons,476.14,33,22
934,rem,Heidenreich Group,607.19,53,37
806,accusamus,Spencer-Kuvalis,131.78,37,31
967,officia,Kuhn LLC,494.81,35,28
300,ut,"Lakin, Carroll and Kessler",238.05,93,27
401,sed,Nienow-Yost,156.02,91,48
975,consequatur,"Koelpin, Lebsack and Beahan",726.38,3,17
274,tempora,"Koch, Heaney and Lueilwitz",26.21,68,39
252,temporibus,Kihn-Pfeffer,402.03,39,4
245,quisquam,"Franecki, Hilll and Dietrich",312.02,97,34
198,voluptate,Littel-Lindgren,376.4,81,17
360,voluptatem,Walsh Inc,513.49,29,27
788,id,"Koepp, Berge and Harber",533.8,58,48
736,sint,"Harber, Schmidt and Considine",910.86,98,49
479,ut,Hilpert-Turner,143.56,100,23
95,rem,Predovic-Roberts,547.56,11,42
392,repudiandae,Zulauf-Blick,520.98,68,48
748,necessitatibus,"Torp, Spencer and Kshlerin",844.01,81,4
762,temporibus,Doyle Inc,985.33,18,27
453,ab,Willms-Osinski,745.09,16,43
660,ut,Dare-Adams,933.69,53,18
146,ea,Ankunding-Kihn,326.23,71,25
230,officiis,Will and Sons,406.99,46,42
596,saepe,Swaniawski LLC,935.37,63,33
208,quos,"Roberts, Franecki and Yundt",68.09,37,34
879,reprehenderit,Bergstrom-Johnson,224.42,62,3
374,nemo,Leannon Inc,446.93,17,16
959,asperiores,"King, Schuster and Leffler",980.94,17,42
610,qui,"Kirlin, Greenholt and Russel",623.93,72,18
53,assumenda,Swift-Kuhn,53.23,39,49
183,consectetur,Schumm and Sons,977.25,74,3
557,odio,Sawayn and Sons,369.59,20,40
360,odit,Beahan and Sons,928.16,28,48
678,consequatur,"Rogahn, Johnston and Morar",864.57,16,4
726,dolorum,Mraz and Sons,179.35,51,29
814,modi,Kunde-Kshlerin,154.89,6,13
145,ipsa,"Reilly, Parisian and Waelchi",871.65,53,24
966,ipsa,Von and Sons,398.44,33,25
580,reiciendis,Rath LLC,877.23,61,21
963,sed,"Herman, Heathcote and Walsh",919.53,56,28
99,in,Williamson-Labadie,609.02,68,19
501,eveniet,"Schuster, Ondricka and Thiel",504.2,67,4
968,dolores,"Casper, Hand and Abshire",86.3,41,35
469,consequatur,Corkery-Skiles,275.81,51,48
994,in,Walter-Smitham,601.7,9,26
883,voluptates,DuBuque-Conn,522.78,7,7
100,sunt,Miller-Buckridge,639.66,23,37
968,molestias,"Zboncak, Howe and Schultz",525.59,18,13
262,vero,Runolfsson Group,728.96,24,6
465,tempora,Schulist Group,698.97,71,29
529,vel,"Ziemann, Rodriguez and Ruecker",704.32,87,8
853,illum,"Hermann, Wehner and Wuckert",499.42,18,48
442,consequatur,Block and Sons,999.29,10,50
81,ratione,"Thompson, Tromp and Kihn",457.78,97,9
683,expedita,"Nicolas, Oberbrunner and DuBuque",340.75,41,39
765,sunt,Kris Inc,98,92,39
763,amet,"Reynolds, Hamill and Price",811.48,84,25
684,tempora,"Conroy, McLaughlin and White",691.2,45,40
952,autem,Kub Inc,616.97,13,50
922,eligendi,Dietrich LLC,679.93,96,16
646,dolores,Harber LLC,131.77,12,50
135,nostrum,Altenwerth and Sons,512.37,55,41
295,et,Green-Bosco,626.34,86,38
315,exercitationem,"Erdman, Okuneva and Bauch",313.2,93,27
986,laborum,Parisian-Batz,824.54,86,20
147,nemo,"Baumbach, Keebler and Berge",955.01,83,48
458,et,Bradtke-Satterfield,321.66,88,29
853,quidem,Senger Inc,130.74,25,19
639,est,"King, Hegmann and Zulauf",189.97,30,8
394,facilis,Wolf-Ullrich,566.41,58,34
387,harum,Dicki and Sons,181.23,92,3
669,culpa,"Kub, Kuhlman and Abbott",992.55,54,48
475,quos,"Nader, Smith and Gorczany",465.04,54,23
546,officia,Turner LLC,257.67,44,18
756,aut,Cummings-Weimann,563.3,91,27
300,modi,Bartell-Prohaska,781.06,33,43
674,id,Damore-White,359.75,16,29
462,quia,Altenwerth-Rowe,431.2,9,37
224,rem,Kemmer and Sons,202.28,46,26
674,quo,Reilly-Fisher,110.92,27,21
112,et,"Mertz, Schulist and Pfeffer",362.52,22,25
638,id,"Walter, Kling and Halvorson",930.29,64,26
856,sunt,Nader-Frami,69.01,71,46
847,tempora,Upton and Sons,363.99,7,37
738,non,"Kuhn, Bednar and Satterfield",356.89,49,21
5,omnis,Hansen-Schneider,566.14,64,34
432,quo,Conroy-Leannon,442.64,83,9
574,eaque,"Brown, Hessel and McGlynn",814.26,60,10
21,iure,Stehr-Smith,982.17,55,26
120,distinctio,"Koepp, Smith and Sporer",574.59,16,37
676,adipisci,"Sporer, Altenwerth and Wilderman",145.04,73,44
978,quos,Torp Inc,707.82,19,18
190,tempora,"Nader, Casper and Bernhard",467.15,79,31
353,commodi,Ortiz and Sons,345.55,17,35
848,tempora,"Mitchell, Prohaska and Smitham",491.96,86,48
136,sunt,"Hackett, Murphy and Stanton",954.69,66,28
639,enim,Jakubowski Group,518.13,75,36
705,ea,"Sipes, Jenkins and Borer",483.85,47,30
960,laborum,"Morar, Yost and Morar",482.74,73,12
671,officia,Hilll-Padberg,635.13,11,38
604,omnis,Bahringer-Greenfelder,724.51,12,26
954,enim,Bogan-Purdy,839.37,19,24
628,assumenda,Kuvalis-Leannon,84.9,48,38
932,reiciendis,Abshire Group,210.86,59,18
441,eos,"Bartoletti, Ondricka and Connelly",728.44,99,50
679,hic,"Stehr, Johnson and Buckridge",826.1,1,33
258,esse,Kshlerin-Nitzsche,415.38,57,44
876,ea,Abbott-Auer,497.87,40,35
909,necessitatibus,Feest and Sons,986.01,6,28
235,ea,"Herman, Welch and Huels",335.88,11,34
20,nisi,"Lesch, Hudson and Bailey",714.56,91,37
367,optio,"Bernhard, Keebler and Bernier",334.67,69,34
500,omnis,Lubowitz Group,611.91,76,22
693,esse,"Hessel, McGlynn and Mayert",966.95,35,10
670,soluta,Miller-Ledner,534.68,59,43
764,et,Prohaska and Sons,228.53,4,36
158,consequatur,"Mante, McCullough and Johnson",248.97,33,39
775,aliquid,"Jaskolski, Bahringer and Blick",384.21,36,22
86,voluptate,Koch and Sons,334.59,81,19
379,ipsa,"Feeney, Brekke and Dare",522.63,31,24
472,odit,"Nikolaus, Kiehn and Walsh",93.56,12,42
317,deserunt,"Stehr, Sanford and Becker",313.12,96,22
849,consequatur,Metz-Kiehn,722.87,61,25
891,et,"Smith, Koepp and Sauer",728.29,69,9
699,reiciendis,"Yundt, Metz and Bechtelar",283.36,59,8
988,asperiores,"Rempel, Pouros and Baumbach",98.91,69,28
820,quasi,Lakin Inc,565.82,74,14
664,quod,Kilback-Medhurst,623.95,4,28
464,voluptas,Murray and Sons,810.74,98,49
670,amet,Hand Group,83.23,76,43
289,aut,Hayes-Cronin,516.51,74,25
521,assumenda,Feil-Feil,318.65,30,24
435,illo,"Predovic, Nitzsche and Ebert",628.03,12,40
947,ut,"Fahey, Rau and Monahan",967.5,12,15
280,ut,Koelpin LLC,238.69,15,13
818,mollitia,Labadie LLC,768.92,18,36
504,iusto,"Miller, Paucek and Smith",289.77,43,46
281,dolore,Harvey-Volkman,347.38,98,6
758,consequuntur,"Lockman, Casper and Stracke",284.53,42,12
103,qui,Murazik-Corwin,401.9,93,29
66,accusantium,"Shanahan, Feeney and Marks",926.02,13,23
116,quas,Swaniawski-Keeling,622.51,83,48
742,quis,Bergnaum and Sons,221.03,75,22
763,facilis,"Mitchell, West and Feeney",642.76,8,10
654,deserunt,Pagac-Cronin,710.53,93,24
174,laudantium,Runolfsson Inc,105.24,59,19
205,in,"Carter, Bednar and Sauer",207.93,12,19
100,sint,"Stehr, Prosacco and Grady",466.1,38,24
87,ut,Stracke and Sons,649.6,32,38
663,hic,Hodkiewicz-Padberg,861.47,38,11
816,aut,Johnston and Sons,49.76,13,20
54,necessitatibus,Eichmann Group,162.27,29,44
428,sint,"Torp, Robel and Kreiger",590.53,54,13
981,ad,Krajcik-Mraz,435.49,87,49
648,dolores,Schuster Inc,276.67,61,27
67,mollitia,Klocko-Barton,707.84,97,20
341,et,"Huels, Reilly and Abbott",287.39,37,7
704,nihil,Huels-Schmitt,604.09,74,34
979,assumenda,"Maggio, Bergnaum and Hyatt",533.27,94,23
135,fugit,Smitham-Kiehn,726.71,25,3
700,repudiandae,Schultz-Morar,244.54,91,45
947,voluptatem,Schiller LLC,356.96,37,32
506,est,Schumm Inc,915.77,93,6
21,doloribus,Hartmann-Boyle,916.9,76,15
482,voluptates,"Hansen, Schultz and Turcotte",699.33,57,14
446,est,Johns-Osinski,577.28,3,33
687,vitae,"Anderson, Trantow and Luettgen",923.9,67,15
316,et,"Gusikowski, Moore and Mertz",894.86,26,10
264,est,Hills Group,323.06,66,21
539,itaque,"Trantow, Homenick and Ankunding",271.72,28,26
147,praesentium,"Roob, Lowe and Dibbert",69.1,63,41
581,est,Monahan LLC,417.65,39,24
400,autem,"Kuhn, Grant and Hyatt",760.09,24,16
885,nulla,"Koepp, Weimann and Hermiston",31.96,28,6
310,ex,"Johnson, Stanton and Dibbert",812.89,37,50
525,esse,"Beatty, Schmeler and Schinner",746.99,85,35
384,iure,Roob-Mohr,358.22,92,37
437,placeat,Goyette-Marks,745.75,85,46
48,maxime,Steuber and Sons,224.38,55,45
363,odio,Kassulke-Brakus,817.34,73,43
116,distinctio,Runolfsson-Balistreri,63.89,19,21
675,iusto,"Feest, Schimmel and Glover",26.19,13,10
840,iusto,Schumm Inc,401.26,17,50
601,aut,Dibbert LLC,556.29,40,34
790,quia,Bergnaum-Kuphal,630.25,44,33
147,laudantium,Gislason LLC,941.52,84,5
196,qui,Glover Inc,595.36,25,4
84,placeat,Feeney-Swaniawski,294.49,80,37
406,amet,Roob-Ondricka,71.26,4,15
923,reiciendis,"Yundt, Beier and Zboncak",440.7,2,18
310,perferendis,Schamberger and Sons,557.96,60,13
41,itaque,"Gibson, Keebler and Dickens",646.69,42,8
846,ipsam,Luettgen Group,56.81,67,11
297,molestiae,"Windler, Hilll and Gottlieb",12.15,1,20
486,qui,Mills LLC,696.83,25,6
570,qui,"Wehner, Aufderhar and Ward",485.66,19,23
634,sed,Harvey-Greenfelder,822.92,99,7
477,amet,Bechtelar Group,332.26,23,45
766,vero,Runte LLC,302.64,94,42
246,dolorem,"Hegmann, Gleichner and Goyette",273.45,78,42
97,laudantium,Ondricka-Rohan,588.35,98,5
681,vel,Leffler-Lakin,800.92,25,19
379,soluta,Parisian-Gibson,800.26,82,15
137,facilis,Jacobs and Sons,325.32,35,45
298,ducimus,Greenholt-Swaniawski,79.6,35,35
102,et,Beier-Jacobi,23.86,22,30
437,corporis,Bogisich Inc,961.32,91,10
686,est,Olson-Hane,294.64,13,29
97,quae,Walter Group,846.9,86,30
849,repellat,"Greenfelder, Kohler and Ferry",33.65,55,17
221,sunt,Wintheiser-Pfannerstill,94.64,48,8
371,non,Franecki-Cruickshank,485.88,68,2
357,suscipit,Gerlach Inc,208.13,18,23
339,aperiam,"Schmidt, Hoeger and White",49.23,57,41
889,illum,Ebert LLC,275.34,94,3
355,a,Kling-Goldner,494.31,63,13
732,id,Rau-Barton,914.65,89,12
101,labore,Dibbert-Satterfield,813.31,18,39
468,maxime,Kris and Sons,280.58,84,6
4,incidunt,"Langosh, Nitzsche and Wehner",763.48,53,36
574,assumenda,"Cartwright, Bogan and Daugherty",976.19,24,26
880,quod,"McKenzie, Larkin and Bashirian",309.13,48,12
240,sit,"Bechtelar, Orn and Dietrich",241.53,80,26
360,rerum,Senger Inc,992.5,35,44
556,adipisci,Konopelski-Lebsack,891.87,86,35
605,pariatur,Gusikowski Group,637.34,72,25
277,vel,Becker LLC,798.74,95,50
318,rerum,Walter-Cruickshank,562.1,39,2
274,deleniti,Jaskolski-Marvin,740.95,61,48
612,cupiditate,"Herman, Schamberger and Hauck",514.5,4,5
60,deserunt,Bergstrom Group,958.58,86,7
376,possimus,Blick-Skiles,474.59,15,37
966,ipsam,Roob-Schmeler,389.59,55,17
883,dolor,Gerhold LLC,158.9,73,18
843,accusamus,Terry and Sons,577.5,95,49
809,ex,"Wunsch, Schneider and Hahn",585.77,9,40
187,voluptas,Weissnat Inc,723.73,11,1
429,consequuntur,Nader-Reichel,847.3,84,42
300,optio,Reichel-Krajcik,469.73,54,25
912,rem,Konopelski and Sons,190.53,32,50
926,vero,Sawayn-Abshire,692.51,32,5
386,similique,Cremin-Tremblay,280.72,74,25
866,quia,Strosin-Gulgowski,954.49,30,9
456,veniam,Runolfsson-Wiegand,485.92,63,43
984,animi,"Purdy, Klocko and Greenfelder",487.66,51,19
884,sed,Kiehn-Nienow,218.81,21,40
365,reiciendis,Davis-Heathcote,505.86,97,41
386,eligendi,Hackett LLC,16.45,80,26
945,nulla,Goyette-Jerde,106.98,51,2
96,est,"Wolf, Jenkins and Marvin",807.46,6,23
946,quo,"Dibbert, Kemmer and Kemmer",366.33,54,13
112,magnam,Heathcote-Schiller,804.1,32,38
580,quam,Mayert-Dibbert,57.14,88,34
243,dolore,White Group,335.58,71,14
459,officia,Feil-Ledner,974.92,6,31
259,eligendi,Fahey and Sons,381.87,46,44
255,eligendi,Green LLC,680.06,71,8
942,nulla,"Beier, Champlin and Price",798.8,69,4
673,ipsam,Hand-Conn,577.92,72,20
53,nihil,Weissnat-Dickens,173.26,38,44
596,ut,"Heaney, Bernhard and Braun",979.88,88,14
234,sed,Kunde-Douglas,162.47,18,17
595,ut,Ryan and Sons,64.79,55,12
679,qui,Kertzmann and Sons,886.46,25,37
727,perferendis,Altenwerth and Sons,783.72,13,12
25,in,Reilly Group,272.45,28,9
250,ipsa,Mitchell Group,733.17,84,17
757,corrupti,Hayes-Greenfelder,422.23,81,41
931,sit,Larson LLC,931.62,71,34
111,vel,Paucek and Sons,989.64,24,44
725,consequatur,Kassulke LLC,782.01,8,37
26,illo,Wyman-Abbott,346.65,46,31
374,omnis,"Olson, Leannon and King",823.55,74,8
991,aut,Harber Inc,755.73,44,11
247,eum,"Wuckert, Roob and Heathcote",654.92,91,18
954,incidunt,Rice Group,756.66,67,29
309,sequi,Ward-Rodriguez,683.2,83,9
952,voluptas,Beahan-Rath,366.51,43,24
619,quis,Klein Inc,512.52,34,31
824,est,Howe and Sons,368.7,74,34
587,consequatur,"Boehm, Reilly and Gaylord",943.46,90,20
910,cumque,Nienow and Sons,74.76,4,17
447,dolorum,"Jast, Zulauf and Rice",625.17,29,21
595,odit,Zieme Inc,665.2,2,19
413,natus,"Koss, Weimann and Krajcik",450.88,53,28
599,voluptas,Stehr and Sons,320.99,29,12
414,aliquid,"Wintheiser, Larson and Yundt",291.06,54,49
950,esse,"Huel, Runolfsson and Thompson",44.23,36,32
187,natus,Christiansen-Bayer,63.51,61,5
685,esse,Nienow-Stamm,944.97,62,19
672,ab,Rau-Jenkins,938.3,53,19
155,repellat,"Bailey, Waters and Oberbrunner",756.75,50,26
550,quasi,Monahan Group,382.08,47,47
661,nisi,"Anderson, Hirthe and Hickle",676.53,27,37
812,distinctio,Windler-Nitzsche,467.77,89,13
763,omnis,Heathcote-Johns,183.32,46,34
633,repudiandae,Nader-Rempel,561.88,50,48
500,qui,Feil-Sipes,281.67,7,20
153,eveniet,Friesen-Stanton,126.13,14,13
614,consequuntur,"Sauer, Howell and Bergnaum",408.79,96,32
772,consequatur,"Lindgren, Schaefer and Blick",144.43,58,34
990,labore,"Bogisich, Lakin and Yundt",912.03,2,21
308,perferendis,Murazik-Donnelly,802.85,6,26
561,corrupti,Bernier-Oberbrunner,422.36,59,31
511,commodi,"Jewess, Price and Becker",624.93,94,5
968,maxime,"Kuhn, Treutel and Herzog",277.05,43,36
324,aut,Stoltenberg Inc,226.4,96,44
569,expedita,Wunsch-Wisozk,383.56,30,23
26,ipsum,"Heathcote, Haag and Leannon",673.6,21,40
292,eius,Nicolas Inc,862.04,62,38
282,est,"Hickle, Lind and Rice",929.61,17,13
966,veniam,Schumm-Jewess,592.21,84,50
832,inventore,"Swaniawski, Roberts and Koelpin",182.67,19,10
600,aspernatur,"Koelpin, Shields and Haag",517.07,90,35
689,quidem,"Ward, Becker and Pagac",157.66,49,34
295,eos,"Koepp, Gutkowski and Hayes",234.58,19,23
22,quisquam,"Gislason, Damore and Padberg",145.71,99,22
485,reprehenderit,Pagac Inc,63.67,79,18
268,rem,"Blick, Schaefer and Schumm",88.12,91,17
302,est,Kutch and Sons,752.22,82,2
45,odio,Huels Group,674.36,80,45
226,qui,Spencer and Sons,679.01,56,45
149,quia,Christiansen LLC,918.42,68,5
965,rerum,"Cormier, Barton and Gusikowski",93.57,91,43
170,laborum,"Nitzsche, Aufderhar and Schowalter",796.63,27,29
440,quia,"Damore, Gusikowski and Adams",850.44,34,10
235,quaerat,Feeney-Maggio,684.44,81,5
328,quisquam,Bernier-Swift,29.01,74,46
811,accusamus,Ward-Farrell,276.98,29,17
49,ut,McCullough Group,129.23,89,23
629,culpa,Upton-Lebsack,781.61,18,18
916,eius,Stanton-Ruecker,952.6,61,13
272,omnis,Lehner-Brakus,688.68,62,6
959,blanditiis,"Gleichner, Roberts and Howe",566.34,72,33
47,ex,"Kuphal, Kutch and Cremin",394.84,51,40
803,aut,"Gutkowski, Dare and Stanton",140.27,21,25
100,praesentium,Ebert-Gleason,839.6,61,16
620,cupiditate,"Steuber, Bernier and Kiehn",20.63,54,43
622,voluptas,Zemlak-Hermiston,137.36,21,41
879,non,"Greenfelder, Bergnaum and Weber",452.22,71,11
316,rerum,"Treutel, Kozey and Greenholt",22.8,82,4
151,consectetur,Kub Inc,648.36,11,7
313,dolor,"Wehner, Tremblay and McKenzie",975.64,33,45
409,aut,Howell-Ryan,101.12,18,9
183,et,Marks-Hammes,199.75,55,10
809,debitis,Schamberger-Bayer,632.11,99,27
736,laborum,Littel-Monahan,738.65,96,1
756,nemo,Carter Group,884.33,65,40
163,suscipit,Stanton Group,696.32,16,43
318,distinctio,Spencer LLC,737.57,80,49
493,rerum,DuBuque and Sons,368.98,50,47
601,nihil,Jewess-Haley,205.39,45,28
587,quia,Shanahan-Kilback,209.36,29,45
303,totam,"Reynolds, Kohler and Moen",898.88,57,32
969,fugiat,"Nikolaus, Collier and Batz",979.79,75,30
838,cumque,Will LLC,850.07,41,43
644,nulla,"Hintz, Leannon and Weissnat",288.15,45,35
132,recusandae,"Tremblay, Thiel and Spencer",711.2,9,40
205,corporis,Murphy-Quitzon,303.57,21,41
373,eligendi,"Jacobson, Huel and Luettgen",696.78,27,25
145,qui,"Pouros, West and Mraz",486,91,8
751,molestias,"Dare, Zemlak and Treutel",603.46,11,45
575,aut,"Satterfield, Dooley and Hand",870.3,83,13
158,quasi,"Davis, Hickle and Bednar",915.01,96,24
351,ad,Olson-Smith,357.72,69,44
107,consequatur,"Beer, Reilly and Wisozk",286.94,5,23
326,dolor,Harvey and Sons,117.32,79,9
931,consequatur,Kshlerin-Emard,656.1,69,43
257,et,Doyle-Kunze,31.81,14,49
953,ad,Halvorson-Heidenreich,376.74,63,14
815,quibusdam,Parisian Group,968.24,87,50
767,est,"Halvorson, Hermiston and Crist",486.97,60,18
318,est,Pollich-Nader,751.77,32,13
956,est,Balistreri-Bechtelar,897.13,94,3
307,quo,Bergnaum-Roob,608.91,64,40
540,laudantium,Hills-King,612.96,68,29
483,incidunt,"Schroeder, Schumm and Zulauf",455.68,9,40
840,illum,"Lockman, OReilly and Turcotte",135.49,64,25
838,corrupti,Brakus Inc,315.19,6,5
564,et,Swaniawski-Durgan,494.71,28,11
902,iste,"Stoltenberg, Stoltenberg and Beahan",392.22,83,12
741,qui,Pagac-Rohan,61.43,5,29
797,ipsam,Kuphal-Morar,161.15,23,45
29,illo,"Nitzsche, Pouros and Skiles",739.94,13,21
128,at,Hammes-Kiehn,944.94,99,23
91,illum,Torp and Sons,613,89,6
245,aliquid,"Lesch, Mitchell and Altenwerth",855.71,67,24
773,voluptatem,Doyle LLC,369.79,21,49
289,delectus,"Harris, Grant and Hirthe",330.29,93,5
993,officia,Schinner Inc,629.09,55,44
100,quia,Fay and Sons,816.02,61,45
327,ratione,Parker LLC,728.78,20,28
552,cupiditate,Miller and Sons,595.11,35,6
222,facilis,Hoppe-Krajcik,741.33,6,3
293,possimus,"Weber, Goyette and Collier",559.44,43,44
353,expedita,West LLC,981.95,89,44
817,perspiciatis,"Hickle, Feeney and Okuneva",502.02,25,25
523,est,Stamm-Klein,859.09,72,48
394,asperiores,Turner Group,762.47,40,48
932,soluta,Hauck-Nitzsche,959.33,81,47
944,in,Little-Bartoletti,571.81,20,23
11,minima,McGlynn Inc,263.32,7,38
544,tempore,Von LLC,551.08,87,45
777,sapiente,"Bernhard, Mante and Ruecker",807.31,98,29
632,consequatur,"Hoppe, Hackett and Ferry",362.79,1,41
708,labore,"Auer, Gleason and Bernhard",10.97,59,22
120,exercitationem,Gutkowski LLC,537.7,32,36
994,quo,Cummerata and Sons,635.12,7,50
471,quaerat,Gislason-Smith,604.44,18,25
628,repudiandae,Pacocha Inc,968.77,9,20
35,officiis,Towne-Kuhn,665,86,19
763,dolor,"Davis, Lueilwitz and Lemke",287.69,67,41
801,rerum,Kohler and Sons,891.44,26,10
977,atque,"Crist, Funk and Kihn",717.04,14,32
614,qui,OReilly Inc,377.16,43,5
196,eos,"Eichmann, Mayer and Pouros",560.18,38,13
796,suscipit,"Simonis, Kohler and Rohan",293.55,43,12
255,nesciunt,Hegmann Group,334.43,30,16
910,omnis,"Bins, Murazik and Stark",393.69,52,34
604,quisquam,McDermott-Olson,795.88,71,47
250,sit,Roberts LLC,226.61,92,23
639,est,"Padberg, Grady and Considine",618.71,84,36
974,culpa,Renner LLC,776.75,27,43
741,aut,"Conn, OReilly and Beatty",912.21,66,35
951,ut,Cummerata Group,964.47,36,22
111,illo,Kerluke LLC,854.98,63,40
823,earum,Bogan-Kiehn,413.97,14,48
587,exercitationem,Kautzer-Gutmann,583.99,63,6
587,ea,Klocko Group,346.34,3,37
651,asperiores,"Towne, Schmitt and Goyette",977.24,81,14
992,architecto,Mayer-Bergnaum,433,7,36
174,corporis,Wilkinson-Greenholt,569.86,39,16
636,itaque,Conn-Dietrich,339.47,40,50
150,asperiores,"Hartmann, Schamberger and Eichmann",900.58,55,40
416,incidunt,Ullrich-Heathcote,399.5,65,9
911,quos,Walsh-Huels,113.8,45,17
162,consequatur,Weissnat Group,482.55,20,7
714,ipsum,Gerlach Inc,814.07,10,27
764,eum,Bernier-Rippin,574.18,42,34
924,doloremque,"Heaney, Powlowski and Donnelly",698.23,28,24
669,commodi,Ullrich-Wintheiser,669.56,51,42
558,alias,Dach and Sons,28.09,3,41
475,omnis,"Leuschke, Adams and Rohan",921.49,97,6
860,vel,"Heaney, Senger and Cruickshank",361.3,10,4
871,incidunt,Wintheiser-Kirlin,222.24,60,14
193,non,"Muller, Nicolas and Stanton",487.72,88,13
554,et,"McCullough, Schroeder and Wolf",127.61,73,20
865,ex,Stokes-Bosco,956.66,13,4
342,ut,Howe Inc,840.46,79,39
295,qui,Rohan LLC,495.63,3,44
138,ipsam,Kuhn-Wyman,515.67,81,35
119,quo,Robel LLC,698.89,10,40
167,sapiente,Kling and Sons,290.59,50,8
151,rerum,"DuBuque, Gorczany and Dibbert",185.52,8,1
206,et,Willms and Sons,670.14,41,15
771,sunt,Sporer-Swaniawski,927.91,2,37
122,fugiat,"Schamberger, Willms and Tillman",652.15,30,6
431,possimus,Kuhic Group,909.41,86,44
202,officiis,Watsica Group,467.98,3,47
67,aut,Mueller and Sons,270.81,14,17
213,qui,"Conn, Labadie and Spinka",653.13,78,35
586,occaecati,Kunde Group,412.9,70,44
323,debitis,"Larkin, Pfeffer and Schmitt",168.45,18,37
239,assumenda,Greenholt Group,389.93,99,19
781,possimus,"Wolff, Breitenberg and Kuhic",595.46,65,7
690,sit,Lubowitz LLC,703.96,58,3
294,enim,Prosacco LLC,984.05,94,11
120,deleniti,"Murazik, Ondricka and Yost",688.5,57,30
49,aliquam,"Rutherford, Volkman and Hermann",995.94,12,45
603,tempora,"Reichert, Graham and Buckridge",364.84,56,13
232,quia,Roob Group,579.06,40,50
498,dolorem,Mohr-Kub,540.29,6,43
968,officiis,"Jerde, Bashirian and Gorczany",493.88,28,40
574,sit,Schultz-Boyle,304.2,42,50
14,quis,Barrows-Heaney,581.15,86,45
737,exercitationem,Gusikowski-Cole,456.45,91,11
608,nostrum,"Murphy, Stanton and Conn",835.16,72,8
175,saepe,Schuster-Welch,935.41,19,41
182,sequi,Schuppe-Parker,308.84,27,38
831,aut,Homenick-Kreiger,441.44,56,10
265,neque,Kris Inc,384.38,3,15
518,ex,"Cole, Quitzon and Goyette",325.11,23,20
282,est,Glover Group,209.43,72,49
658,a,Schneider and Sons,450.4,82,12
592,consequatur,Renner and Sons,472.52,59,1
327,asperiores,Leannon LLC,46.39,13,27
874,similique,Kertzmann-Bashirian,738.04,64,39
921,in,Lockman-Towne,515.02,60,28
126,magni,Price Group,250.31,78,9
40,sequi,"Bartoletti, Haley and Rutherford",534.83,63,24
847,ipsam,"Kuhlman, Veum and Bins",809.83,83,29
945,saepe,"Wilkinson, Emmerich and Hilpert",897.37,21,26
239,vel,Mills-Rohan,296.59,72,50
901,corporis,Kulas Inc,654.02,30,34
524,ut,"Grimes, Cummings and Kautzer",654.25,2,49
798,ratione,Wiza-Connelly,206,18,5
430,culpa,Huels-Schimmel,643.99,5,15
219,laudantium,"Nikolaus, Bednar and Prosacco",576.23,26,46
701,sed,"Carter, Kutch and Cronin",892.58,71,32
458,qui,Toy-Roob,28.47,2,31
120,enim,Ryan LLC,162.84,55,19
682,ab,Larson LLC,170.71,82,4
199,consequatur,Bogisich and Sons,342.08,37,27
575,adipisci,Welch-Spinka,12.06,98,36
672,consequuntur,Maggio LLC,110.15,45,8
956,consequatur,Lubowitz-Spinka,535.98,33,28
942,sunt,Feest-Durgan,546.92,64,49
141,animi,Hammes Group,150.7,74,1
103,tempora,Kling Group,613.14,42,37
380,facere,Williamson Inc,88.61,76,22
528,rerum,Parisian Group,170.55,97,46
48,similique,Gottlieb Inc,283.23,40,15
611,id,Mueller Group,118.88,14,5
184,illo,Wyman Group,226.26,21,44
405,qui,"Kuhn, Ryan and Volkman",269.75,51,18
315,natus,"Mills, Bins and Gottlieb",400.41,87,21
507,in,"Bartell, Corkery and Wilderman",915.93,35,21
948,corporis,"Dietrich, Nienow and Medhurst",224.74,62,41
105,consequatur,Dickinson-Jakubowski,976.92,86,14
708,commodi,Carter-Bruen,214.44,66,39
552,doloribus,"Ritchie, Buckridge and Gleason",622.62,63,8
341,explicabo,Ruecker and Sons,318.84,35,16
296,laudantium,Orn-Collins,845.28,77,50
983,et,Johns LLC,512.33,91,11
982,corrupti,"Daugherty, Lynch and Predovic",596.26,30,16
405,blanditiis,Bernhard Group,577.19,22,9
404,amet,"Quitzon, Blanda and Prohaska",385.11,41,26
572,voluptates,"Robel, Weber and Emard",746.77,66,20
954,architecto,"Morar, Kuhn and Shields",978.78,52,6
978,necessitatibus,Leuschke Group,731.77,74,23
438,aliquid,Hodkiewicz Group,271.87,91,4
923,assumenda,Barton LLC,541.44,69,49
227,enim,Lockman-Carroll,884.14,70,43
70,temporibus,Trantow-Mueller,805.97,85,5
620,dolore,Balistreri and Sons,573.62,4,49
521,natus,Emard-Gulgowski,434.76,43,46
411,et,Hansen-Rogahn,138.42,87,34
892,illo,"Stehr, Wyman and Cassin",488.49,46,21
683,nisi,"Friesen, Kreiger and Towne",642.18,99,11
630,ut,Farrell-Williamson,25.44,35,41
124,non,Leuschke LLC,786.98,55,6
946,ut,Boyer LLC,514.94,39,29
690,non,Brakus Group,463.36,12,11
707,eos,"Champlin, Quigley and Ruecker",27.17,40,44
525,aut,Labadie and Sons,710.43,28,35
429,velit,Kemmer Inc,751.91,42,4
633,vel,Aufderhar LLC,407.87,20,8
85,ratione,Torphy Inc,599.91,14,8
729,qui,Schultz-Morar,593.52,57,10
505,et,Cummings and Sons,477.43,47,30
332,consequatur,DuBuque-Metz,302.32,69,16
255,animi,Lind-Gerhold,55.03,46,30
300,temporibus,Hudson-Crist,421.81,91,31
391,animi,Wisoky-Mann,217.77,16,38
608,rerum,"Gibson, Pouros and Marks",744.99,17,10
263,laboriosam,Gorczany-Tromp,819.38,9,9
114,voluptas,Barton-Lind,945.09,1,21
179,omnis,"Jacobson, Larkin and Purdy",543.59,98,28
674,commodi,Bashirian Inc,233.74,53,11
95,nulla,"Wiegand, Streich and Carter",416.88,42,37
42,neque,Gislason LLC,151.83,22,46
425,dolorum,Schaden-Torp,720.31,71,29
720,tempora,Hahn-Fay,353.37,46,14
797,provident,"Zieme, Collier and Upton",686.53,57,9
668,quo,Volkman-Larkin,460.22,69,31
710,est,Nikolaus-Bradtke,892.32,4,15
61,qui,Feil Group,794.23,50,5
249,et,Shanahan Group,654.28,28,6
229,illum,Heidenreich and Sons,719.32,44,1
367,et,"Schmeler, Ritchie and Beer",477.94,17,10
522,eos,"Braun, Grady and Breitenberg",827.19,89,17
845,quibusdam,Kautzer and Sons,533.44,98,34
851,incidunt,Waelchi-Swaniawski,476.91,99,50
216,voluptas,"Will, Schoen and Kirlin",886.61,53,39
11,repellendus,Huels and Sons,354.56,2,32
731,et,Vandervort and Sons,609.76,18,14
658,et,"Wintheiser, Schiller and Powlowski",972.17,67,38
902,et,"Trantow, Schmeler and Ryan",421.3,22,9
825,ducimus,Wehner-Mann,518.37,58,45
217,provident,Zulauf Group,786.31,25,3
548,in,Harber-Hamill,394.64,42,13
955,reiciendis,Kunde-Dicki,230.27,77,47
747,aut,Bode-Brown,540.1,71,32
608,illum,"Ernser, Veum and Gerhold",377.99,18,4
837,labore,"Murazik, Windler and Kassulke",555.6,92,48
356,repudiandae,Schinner LLC,67.79,56,14
495,corporis,"Mills, Carroll and Lynch",339.94,22,49
123,quasi,"Stiedemann, Jones and Ankunding",445.04,81,5
360,alias,"Ortiz, Erdman and Feest",717.43,5,46
783,modi,"Hickle, Upton and Wolff",514.83,56,43
62,laudantium,Harvey Inc,73.99,69,46
674,laboriosam,Dare Inc,979.02,34,10
510,atque,"Rolfson, Quitzon and Bartell",824.41,39,29
830,magni,Adams Inc,34.9,46,30
515,sequi,Jenkins and Sons,272.09,80,29
195,et,Stamm and Sons,826.89,75,36
497,voluptatem,"Heidenreich, Sporer and Gusikowski",843.25,12,29
419,corrupti,"Quigley, Heathcote and McDermott",46.87,65,18
912,autem,Greenholt-Gleichner,420.55,79,45
321,a,"Fahey, Will and Schulist",702.41,30,31
458,ut,Schulist LLC,820.98,35,42
897,deleniti,Spinka Inc,208.01,28,11
206,ipsum,"Tromp, Swift and Weissnat",257.56,31,48
417,veniam,Hermiston-Reilly,816.61,17,10
121,nobis,"Senger, Spinka and Moen",476.49,93,18
470,quod,Weber LLC,164.36,93,41
179,rerum,Williamson LLC,941.29,75,23
690,qui,Nicolas-Schamberger,820.92,34,6
72,voluptatem,"Ondricka, Spinka and Block",55.94,69,43
716,eligendi,"West, Torp and Bins",257.48,22,35
584,minus,Huels and Sons,592.79,46,4
171,laudantium,Klein and Sons,363.67,15,46
100,quis,Dickinson-Stroman,542.68,45,36
331,quis,Torp Inc,122.02,39,47
647,repudiandae,"Lesch, Pfeffer and Collins",925.47,88,42
850,quibusdam,"Bergnaum, Rice and Wintheiser",566.82,5,21
754,alias,Von LLC,531.86,35,2
218,necessitatibus,"Nienow, Wilderman and Hegmann",415.59,13,37
343,enim,"Nolan, Huels and Hayes",763.19,37,26
749,dolor,Mraz-Farrell,48.64,79,43
773,non,"Williamson, Gleason and Gleason",238.89,40,49
74,voluptas,"Nitzsche, Turcotte and Kozey",708.16,91,6
7,laboriosam,Heidenreich-Moore,361.53,46,36
345,laudantium,"Hilpert, Windler and Little",713.25,11,6
264,aut,Koss Group,856.83,29,28
959,repudiandae,"Powlowski, McGlynn and Jast",459.16,88,35
753,eum,Mosciski LLC,15.67,49,45
491,autem,"Hamill, Quitzon and Rogahn",597.92,23,36
899,ipsum,Cartwright-Turcotte,648.03,65,49
243,ad,Kub-Von,96.69,48,25
808,vel,"Gerhold, Watsica and Becker",687.56,57,27
226,ratione,Swift-Leannon,299.32,97,31
738,et,Daugherty-Witting,511.97,42,17
710,sed,"McCullough, Murazik and Gleichner",133.81,79,39
848,aliquam,Schmitt-Douglas,849.63,69,10
751,voluptatibus,Morissette and Sons,19.38,89,23
260,natus,Lueilwitz Group,527.43,12,17
731,vel,Larkin Inc,773.34,25,37
469,qui,"Gutmann, Lehner and Murray",18.21,40,34
70,explicabo,Fay-Ebert,152.54,64,27
392,rerum,"Halvorson, Johnson and Wilderman",620.69,30,39
189,corporis,Hartmann LLC,545.32,100,20
520,dolorem,"Raynor, McLaughlin and Carter",322.97,8,30
811,iste,Rutherford-Cormier,50.79,50,21
240,saepe,"Powlowski, Oberbrunner and Green",649.49,71,25
115,voluptas,Wiza-Schumm,191.31,78,39
149,ipsam,"Gerhold, Parker and McGlynn",839.71,77,27
843,quia,Konopelski Group,52.39,55,25
416,et,Rogahn-Schmitt,471.43,86,33
439,iste,Koch-Rippin,70.1,49,9
669,itaque,Thiel Inc,913.5,20,14
250,at,Kling-Wilderman,381.64,65,19
291,est,Wuckert LLC,971.29,88,11
682,at,Waelchi-Considine,92.49,42,40
56,in,"Ryan, Fahey and Mayert",299.16,78,20
934,autem,Kihn and Sons,857,85,4
356,ut,"Baumbach, Blanda and Schroeder",601.03,15,3
391,est,"Howe, Glover and Weimann",831.12,89,1
635,ex,Murazik LLC,345.37,33,32
959,aliquam,Goyette-Yost,740.71,62,9
737,eum,Ziemann Inc,557.89,44,13
84,aliquid,"Ortiz, Rowe and Muller",895.5,13,40
452,ipsa,Kuhlman-Kling,190.84,58,42
60,consequuntur,Macejkovic LLC,705.17,60,9
124,laudantium,Goodwin-Christiansen,614.63,82,21
611,quia,Mertz-Williamson,311.76,92,35
931,temporibus,"Kunze, Medhurst and Langosh",964.98,58,18
650,dolore,McLaughlin-Crist,425.3,36,32
634,et,"Heidenreich, West and Lind",129.67,63,1
473,dolor,Funk-Yundt,393.92,22,26
303,amet,Lesch-Braun,638.12,40,4
987,quibusdam,"Bogisich, Feeney and Bosco",362.47,90,48
711,voluptas,Waelchi-Lueilwitz,384.9,14,19
870,voluptas,Pagac Group,443.74,45,3
746,omnis,Ward-Rath,980.77,22,22
36,ut,"Okuneva, Marvin and Becker",823.27,78,9
263,iure,Armstrong LLC,661.51,64,36
539,sequi,"Wolf, Rodriguez and Walsh",643.31,94,47
47,ex,"Rath, Stehr and Feest",362.02,39,15
503,eius,Abernathy Group,887.03,63,14
564,et,"Huel, Ankunding and Bernhard",671.16,46,3
135,occaecati,Kutch Inc,971.7,22,18
216,minus,Morar-Schroeder,271.56,52,43
242,quibusdam,"Spinka, Dibbert and VonRueden",201.34,64,27
563,nemo,Koelpin LLC,26.48,89,37
158,ducimus,"Jerde, Kozey and Collier",295.13,50,41
613,magni,Legros LLC,323.9,67,40
416,dolorem,Ledner-Schmeler,312.69,71,26
472,illo,"Nikolaus, Skiles and Mohr",764.4,30,6
568,repellat,"Ferry, Hilpert and Hoeger",34.71,80,22
497,non,Wiegand-Welch,978.5,39,49
152,qui,"Gislason, Bashirian and OReilly",567.33,31,27
402,quo,Ruecker Group,907.05,42,50
393,id,"Schneider, Borer and Weimann",82.59,50,43
121,a,Raynor-Fadel,666.75,42,35
112,et,Pouros Inc,753.22,84,25
548,voluptates,"Sauer, McLaughlin and Stracke",405.84,67,45
873,velit,Gerlach and Sons,495.31,100,22
914,eius,Wolff-Sipes,432.02,38,6
940,accusamus,"Lueilwitz, Wyman and Schaefer",274.34,100,20
477,laboriosam,Hegmann-Russel,852.29,27,20
889,omnis,Johnson-Wiegand,653.56,90,36
176,molestias,Carter Group,822.06,71,41
560,doloribus,Wilderman-Raynor,641.22,5,47
12,deleniti,Nitzsche and Sons,307.35,35,36
865,consequatur,"Collier, Lowe and Becker",53.01,100,46
804,suscipit,Strosin-Kohler,292.01,28,37
671,illo,Armstrong-Hackett,842.11,2,42
878,quidem,Runolfsdottir Group,796.05,6,6
280,unde,Batz and Sons,444.18,65,27
502,ducimus,"Davis, Ziemann and Nader",142.62,2,36
207,ab,Nitzsche and Sons,602.28,73,9
871,provident,Dietrich-Moen,730.44,56,28
187,eligendi,Aufderhar-Breitenberg,622.97,44,23
221,minima,"Bailey, Jacobson and Kunde",22.93,87,7
652,non,"Brekke, Kulas and Steuber",951.49,7,50
731,qui,Barrows and Sons,287.02,2,37
893,tempora,"Stoltenberg, Vandervort and Quitzon",752.81,10,12
24,animi,"Robel, Tremblay and Harvey",263.48,87,23
814,amet,Runte LLC,816.88,72,18
514,asperiores,"Wolff, Carroll and Hayes",865.42,37,34
20,velit,Kohler-McDermott,300.91,18,1
293,neque,McDermott Group,171.44,22,26
926,recusandae,Batz-Mills,732.05,64,25
793,quibusdam,Rolfson-Orn,708.23,48,19
175,optio,Luettgen Group,241.01,85,18
867,voluptatem,"Predovic, Erdman and Okuneva",313.26,52,17
629,vitae,Rau Inc,957.35,53,46
253,laborum,Labadie-Beatty,474.1,29,9
687,optio,"Monahan, Collier and Schamberger",615.17,97,19
887,id,Veum Group,528.41,8,48
826,placeat,Dach-Gorczany,838.76,66,13
41,magni,Lubowitz-Rempel,432.22,89,29
400,qui,"Moen, Jenkins and Heller",656.66,79,7
325,et,"Kunze, Mitchell and Robel",158.74,59,27
118,quidem,"Champlin, Spinka and Koepp",405.86,38,40
37,non,Blick-Dietrich,143.62,48,37
294,ad,Hermiston-Batz,259.76,31,25
346,cupiditate,Romaguera and Sons,687.58,77,37
722,molestias,"Mayert, Predovic and Auer",998.11,47,15
37,ex,Dietrich-Jacobson,143.98,72,39
300,quam,"Watsica, Becker and Schinner",980.96,10,30
50,sit,Carroll-King,199.21,41,37
111,blanditiis,Hudson Group,553.52,76,40
